{
	"partitions" : [
		{
			"name" : "Top",
			"pins" : [
				{
					"name" : "hex7[0]",
					"strict" : false
				},
				{
					"name" : "hex7[1]",
					"strict" : false
				},
				{
					"name" : "hex7[2]",
					"strict" : false
				},
				{
					"name" : "hex7[3]",
					"strict" : false
				},
				{
					"name" : "hex7[4]",
					"strict" : false
				},
				{
					"name" : "hex7[5]",
					"strict" : false
				},
				{
					"name" : "hex7[6]",
					"strict" : false
				},
				{
					"name" : "hex6[0]",
					"strict" : false
				},
				{
					"name" : "hex6[1]",
					"strict" : false
				},
				{
					"name" : "hex6[2]",
					"strict" : false
				},
				{
					"name" : "hex6[3]",
					"strict" : false
				},
				{
					"name" : "hex6[4]",
					"strict" : false
				},
				{
					"name" : "hex6[5]",
					"strict" : false
				},
				{
					"name" : "hex6[6]",
					"strict" : false
				},
				{
					"name" : "hex5[0]",
					"strict" : false
				},
				{
					"name" : "hex5[1]",
					"strict" : false
				},
				{
					"name" : "hex5[2]",
					"strict" : false
				},
				{
					"name" : "hex5[3]",
					"strict" : false
				},
				{
					"name" : "hex5[4]",
					"strict" : false
				},
				{
					"name" : "hex5[5]",
					"strict" : false
				},
				{
					"name" : "hex5[6]",
					"strict" : false
				},
				{
					"name" : "hex4[0]",
					"strict" : false
				},
				{
					"name" : "hex4[1]",
					"strict" : false
				},
				{
					"name" : "hex4[2]",
					"strict" : false
				},
				{
					"name" : "hex4[3]",
					"strict" : false
				},
				{
					"name" : "hex4[4]",
					"strict" : false
				},
				{
					"name" : "hex4[5]",
					"strict" : false
				},
				{
					"name" : "hex4[6]",
					"strict" : false
				},
				{
					"name" : "hex3[0]",
					"strict" : false
				},
				{
					"name" : "hex3[1]",
					"strict" : false
				},
				{
					"name" : "hex3[2]",
					"strict" : false
				},
				{
					"name" : "hex3[3]",
					"strict" : false
				},
				{
					"name" : "hex3[4]",
					"strict" : false
				},
				{
					"name" : "hex3[5]",
					"strict" : false
				},
				{
					"name" : "hex3[6]",
					"strict" : false
				},
				{
					"name" : "hex2[0]",
					"strict" : false
				},
				{
					"name" : "hex2[1]",
					"strict" : false
				},
				{
					"name" : "hex2[2]",
					"strict" : false
				},
				{
					"name" : "hex2[3]",
					"strict" : false
				},
				{
					"name" : "hex2[4]",
					"strict" : false
				},
				{
					"name" : "hex2[5]",
					"strict" : false
				},
				{
					"name" : "hex2[6]",
					"strict" : false
				},
				{
					"name" : "hex1[0]",
					"strict" : false
				},
				{
					"name" : "hex1[1]",
					"strict" : false
				},
				{
					"name" : "hex1[2]",
					"strict" : false
				},
				{
					"name" : "hex1[3]",
					"strict" : false
				},
				{
					"name" : "hex1[4]",
					"strict" : false
				},
				{
					"name" : "hex1[5]",
					"strict" : false
				},
				{
					"name" : "hex1[6]",
					"strict" : false
				},
				{
					"name" : "hex0[0]",
					"strict" : false
				},
				{
					"name" : "hex0[1]",
					"strict" : false
				},
				{
					"name" : "hex0[2]",
					"strict" : false
				},
				{
					"name" : "hex0[3]",
					"strict" : false
				},
				{
					"name" : "hex0[4]",
					"strict" : false
				},
				{
					"name" : "hex0[5]",
					"strict" : false
				},
				{
					"name" : "hex0[6]",
					"strict" : false
				},
				{
					"name" : "PC[0]",
					"strict" : false
				},
				{
					"name" : "PC[1]",
					"strict" : false
				},
				{
					"name" : "PC[2]",
					"strict" : false
				},
				{
					"name" : "PC[3]",
					"strict" : false
				},
				{
					"name" : "PC[4]",
					"strict" : false
				},
				{
					"name" : "PC[5]",
					"strict" : false
				},
				{
					"name" : "PC[6]",
					"strict" : false
				},
				{
					"name" : "PC[7]",
					"strict" : false
				},
				{
					"name" : "PC[8]",
					"strict" : false
				},
				{
					"name" : "PC[9]",
					"strict" : false
				},
				{
					"name" : "PC[10]",
					"strict" : false
				},
				{
					"name" : "PC[11]",
					"strict" : false
				},
				{
					"name" : "PC[12]",
					"strict" : false
				},
				{
					"name" : "PC[13]",
					"strict" : false
				},
				{
					"name" : "PC[14]",
					"strict" : false
				},
				{
					"name" : "PC[15]",
					"strict" : false
				},
				{
					"name" : "sw3_0[1]",
					"strict" : false
				},
				{
					"name" : "sw3_0[0]",
					"strict" : false
				},
				{
					"name" : "sw3_0[3]",
					"strict" : false
				},
				{
					"name" : "sw3_0[2]",
					"strict" : false
				},
				{
					"name" : "sw15_12[2]",
					"strict" : false
				},
				{
					"name" : "sw15_12[3]",
					"strict" : false
				},
				{
					"name" : "sw15_12[1]",
					"strict" : false
				},
				{
					"name" : "sw15_12[0]",
					"strict" : false
				},
				{
					"name" : "sw11_8[0]",
					"strict" : false
				},
				{
					"name" : "sw11_8[1]",
					"strict" : false
				},
				{
					"name" : "sw11_8[2]",
					"strict" : false
				},
				{
					"name" : "sw11_8[3]",
					"strict" : false
				},
				{
					"name" : "sw7_4[1]",
					"strict" : false
				},
				{
					"name" : "sw7_4[0]",
					"strict" : false
				},
				{
					"name" : "sw7_4[3]",
					"strict" : false
				},
				{
					"name" : "sw7_4[2]",
					"strict" : false
				},
				{
					"name" : "rst",
					"strict" : false
				},
				{
					"name" : "key3",
					"strict" : false
				},
				{
					"name" : "key0",
					"strict" : false
				},
				{
					"name" : "clk",
					"strict" : false
				}
			]
		}
	]
}